cluster,source,text
0,comment,"1. Selten

2. Es gibt Umschulungen von der Agentur f√ºr Arbeit. Ein Freund hat sowas f√ºr den Bereich Systemintegration gemacht und ist dann √ºber ein langes Praktikum an seinen Job im Support gekommen. Die Qualit√§t h√§ngt von einem selbst ab. Wenn man nur den Pflicht-Teil in der Berufsschule macht, wird man nicht mehr als eine niedrigbezahlte Hilfskraft aus meiner Sicht.

3. Ich kenne noch einige von fr√ºher, die eine vollschulische Ausbildung im IT-Bereich gemacht haben. Diejenigen, die sich privat auch mit den Themen besch√§ftigt haben, haben danach noch ein Studium absolviert im Bereich IT und sind erfolgreich in der IT angekommen. Diejenigen, die w√§hrend der Ausbildung nicht an den Themen wirklich interessiert waren, sind selten in der IT geblieben und wenn ja, dann eher First-Level-Support, wo sie nicht viel Geld verdienen.

  
Was w√ºrde ich dir konkret empfehlen?

- Versuche ein Gef√ºhl daf√ºr zu bekommen, was dich an der IT interessieren k√∂nnte. Ist es Softwareentwicklung? Programmiere privat. Ist es IT-Infrastruktur? Baue mit virtuellen Maschinen ein Netzwerk auf und lies dich in das Thema ein. Wenn du von selbst dort ein inneres Feuer sp√ºrst, dann k√∂nnte es die richtige Richtung sein. Wichtig ist den f√ºr sich passenden Teilbereich in der IT zu finden, da man erst dann aus meiner Sicht wirklich gut wird.  
Wenn du deinen Teilbereich identifizierst hat, ist es wichtig, einen Fu√ü in die T√ºr zu bekommen. Erfahrung ist alles. Am Anfang ist ggf. auch ein Abschluss wichtig, aber nach mehreren Jahren Berufserfahrung eher zweitrangig. Wie kriegt man einen Fu√ü in die T√ºr? Der Kollege aus Punkt zwei hat √ºber seine Umschulung ein Praktikum gemacht und dort Wissen erlernt, was f√ºr seinen aktuellen Job sehr brauchbar war und dadurch an den Job gekommen ist. Eine Umschulung kann also eine Option sein, wenn du einen f√ºr dich passenden Bereich gefunden hast. Wenn man privat bereits Wissen sich angeeignet hat, k√∂nnte man auch in den IT-Support einsteigen und sich dort hocharbeiten -> IT-Support | IT-Admin | System engineer | IT-Architekt. Es gibt in der IT viele Wege, aber der Arbeitsmarkt ist derzeit schwierig f√ºr Leute ohne Erfahrung. 

Wenn du bisher privat noch keine Softwareentwicklung gemacht hast, w√ºrde ich von einer Umschulung erstmal abraten. Versuch f√ºr dich erstmal einen Bereich zu finden, der dir liegt und geh dann in die Richtung."
0,comment,"Ich arbeite in der IT, bin Softwareentwickler. AmA

Verstehe was du meinst und sehe es √§hnlich. Selbst Berater f√ºr irgendeine X Beliebige Software arbeiten in der IT, weil sie ja ""IT Consulat"" sind. F√ºr mich haben die meistens nichts mit IT zu tun"
0,comment,"Danke f√ºr die etwas ausf√ºhrlichere Erkl√§rung :)

Ich finde deine Geschichte nicht so merkw√ºrdig. Ich selbst arbeite in der Inhouse IT bei einem Unternehmen. Im normalen IT Support haben wir bereits zwei Quereinsteiger eingestellt, die keine IT Ausbildung gemacht haben. Wir schauen auch innerhalb der Firma oft nach Leuten die passen k√∂nnten. Das was du nennst, also die Art wie man an Probleme herangeht usw. sind neben einer gewissen sozialen Kompetenz genau die Dinge die dort gesucht werden. Der Chef der IT sieht das vermutlich in dir. Alles andere fachliche kann gelernt werden und kommt mit der Zeit und der Erfahrung von alleine. 

Ich spreche jetzt ausschlie√ülich von klassischem IT Support. Wenn du dich nicht bl√∂d anstellst, stehen dir aber sicher auch die Tore in der Administration offen. Ich selber hab nur eine Ausbildung als Fachinformatiker gemacht und war ein paar Jahre im Support. Mittlerweile bin ich ein System- und Netzwerkadministrator, verdiene deutlich mehr und kommt da an die Geh√§lter von studierten ran. 

Will sagen, dass du auch ohne Studium weit kommen kannst. 

Ich w√ºrde an deiner Stelle annehmen und einfach mal schauen wie du klar kommst. Eventuell kannst du nebenher dich in Themengebieten die du brauchst etwas weiterbilden. Wenn du dann denkst das reicht nicht aus bzw. du willst mehr in der IT machen, kannst du immer noch studieren."
0,post,"Wie ging es weiter nach dem Quereinstieg in IT? Hallo zusammen!

Ich untersuche Karrierepfade in IT und interessiere mich f√ºr Erfahrungen von IT-Quereinteigern, die IT verlassen haben oder verlassen wollen.

Wenn Sie einen solchen Werdegang in der IT hatten, w√ºrde ich gerne von Ihren Erfahrungen h√∂ren. Bitte melden Sie sich in pers√∂nlichen Nachrichten oder Kommentaren:)

Freue mich auf Ihren Feedback!"
0,comment,"Ich freue mich auf jeden Fall √ºber mehr Menschen mit IT-Kenntnissen, auch wenn es dann vielleicht doch nicht zum IT-Job reicht. Das Wissen kann man auch in anderen Bereichen gut einbringen.

Hast du dich in irgendeiner Form schon praktisch mit IT besch√§ftigt? Ganz ohne Vorkenntnisse wirst du mit einem langen und harten Weg zum guten IT-Job rechnen m√ºssen. Die guten Leute haben sich vor dem ersten Vollzeit-Job oft schon 10 Jahre und mehr mit dem Thema besch√§ftigt und als Kinder angefangen, zu programmieren, an Hardware zu basteln oder Linux-Systeme zu administrieren. Das sind alles keine Voraussetzungen und jetzt ist immer der beste Zeitpunkt, damit anzufangen, aber man sollte das bedenken, wenn man junge Leute sieht, die in der IT gut verdienen und Spa√ü daran haben.

Empfehle, erstmal in deinem aktuellen Job zu bleiben und nebenbei auszuprobieren, ob dir das Thema liegt. Am besten mal Linux installieren zum Rumspielen, grundlegende Programmieraufgaben ausprobieren und ein paar kleine Dinge als dem Alltag oder Beruf suchen, die du automatisieren kannst:

[https://automatetheboringstuff.com](https://automatetheboringstuff.com)

Wenn das funktioniert und du nach, sagen wir mal 3 Monaten davon nicht v√∂llig genervt bist, w√§re es sinnvoll, die Zahl der Arbeitsstunden zu reduzieren, wenn m√∂glich (es gibt ein Teilzeitgesetz in Deutschland) und mehr Zeit in Kurse zu investieren.Am besten ist nat√ºrlich, deine Vorkenntnisse mit der neuen Ausrichtung zu kombinieren, also in die Richtung Softwareentwicklung in der Versicherungsbranche zu gehen. Vielleicht gibts bei deinem Arbeitgeber die M√∂glichkeit, Fortbildungen in die Richtung zu machen oder eine Stelle zu bekommen, die n√§her an der IT ist?

Wenn du einen einschl√§gigen Abschluss haben willst, der doch noch oft eine Rolle spielt, vor allem bei gr√∂√üeren und ""traditionelleren"" Unternehmen, solltest du dich √ºber ein berufsbegleitendes Studium in angewandter Informatik, Wirtschaftsinformatik oder einem der vielen anderen IT-Studieng√§nge informieren. Die M√∂glichkeiten sind da heutzutage praktisch un√ºberschaubar.

Nach einer abgeschlossenen Ausbildung und mit bestehendem Job noch eine Ausbildung zu machen ist zeitlich und finanziell schon eine gro√üe Belastung und was die Qualit√§t von IT-Ausbildung in Deutschland in der Breite angeht bin ich skeptisch. Du wirst auch je nach Unternehmen mehr oder weniger viele Aufgaben √ºbernehmen m√ºssen, die deine F√§higkeiten nicht voranbringen. Gibt nat√ºrlich auch tolle Firmen, aber die muss man erst mal finden und die werden eher die Leute mit Vorkenntnissen nehmen.

Es gibt diverse Anbieter von ""Coding-Bootcamps"", die einem versprechen, in ein paar Monaten genug zu lernen, um einen Job in der Softwareentwicklung zu finden. Habe damit aber keine Erfahrungen. Ich denke, dass man die F√§higkeiten auch gut selbstst√§ndig lernen kann, aber k√∂nnte sinnvoll sein, wenn man schon ein paar Vorkenntnisse hat und den ""Druck"" braucht. In den USA ist das deutlich verbreiteter; hier glaube ich nicht, dass das f√ºr Arbeitgeber besonders √ºberzeugend wirkt. Die aus meiner Sicht guten Unternehmen schauen selbst auf die tats√§chlichen F√§higkeiten und k√ºmmern sich wenig um irgendwelche Abschl√ºsse und Zertifikate."
1,post,"Nur noch schlechte Azubis im Handwerk? Ich hatte gestern eine DIskussion mit meinem Schwager und ich w√ºrde gerne euere Meinungen und Einsch√§tzungen dazu h√∂ren.

Er ist Geselle bei einer Firma die sich eben um Sanit√§r und Heizung k√ºmmert. Er macht den Job jetzt seit 10+ Jahren und er beschwert sich, dass die Leute, die nachkommen einfach unbrauchbar sind. Von Praktikanten will er gar nicht anfangen, da g√§be es wohl Geschichten, die sind meist auf Zwang da und h√§tten keine Lust auf den Job.

Wir haben also diskutiert, er war der Meinung die heutige Generation ist einfach nur faul und verw√∂hnt und w√ºrde lieber arbeitslos sein als f√ºr ca. 600 Euro/ Monat im ersten Lehrjahr arbeiten zu gehen. Ich meinte, so ein Urteil w√ºrde ich nicht f√§llen, ihr bekommt halt den Aussatz der Gesellschaft da rein, die nirgendwo anders reinkommen aufgrund ihren Noten und auf nix Bock haben. Die Leute, die was drauf haben, machen halt keine Lehre, sondern gehen halt studieren wie Maschinenbau oder so. 

Die Motivation zu studieren konnte er glaube ich nicht so richtig nachvollziehen, f√ºr ihn sind das Leute die einfach sich Baf√∂g in den Arsch blasen lassen. Na ja. Ich habe halt in den Raum geworfen, dass man sich einfach die Frage stellen sollte, wieso man keine vern√ºnftigen Leute mehr ins Handwerk bekommt?

Er meinte, man kann den Leuten kein h√∂heres Gehalt anbieten, weil dich azubis als Arbeitgeber einfach nur Geld kosten, um deren Stunden beim Kunden zu verrechnen, m√ºssen die nachweisleich eine leistung erbracht haben. Zugucken oder Kisten schleppen z√§hlt da nicht. Das sind ja meist in den ersten Lehrjahren arbeiten, die auch von einer Person gemacht werden k√∂nnen, und die Kunden w√ºrden sich dementsprechend beschweren, wenn ihnen die Azubis in Rechnung gestellt w√ºrden. 

Ich meinte aber, man muss den guten Leuten halt Anreize schaffen eine Lehre anzufangen, da muss die IHK bzw der Staat eben was √§ndern, dass die jungen Leute mehr gehalt kriegen. Dann meinte er, dann w√ºrden die Gesellen mit jahrelanger Erfahrung auch mehr Geld wollen. Wer will das bezahlen? Der Kunde? 

Was denkt ihr? Gibt es im Handwerk nur noch schlechte Azubis? Ist die heutige Generation einfach zu faul? Und was k√∂nnte man √§ndern?"
2,comment,"Da du es nicht verstehen willst:  
Dir werden gerade Extrem gute Tipps gegeben wie du dich besser verkaufen kannst, eben weil dein Wert auf dem Arbeitsmarkt sich mit dieser ""Weiterbildung"" null verbessert. du wirst dich damit vermutlich schlechter verkaufen. Der Weg zum besser Verkaufen ist f√ºr dich: Ausbildung oder Studium, und kein anderer.  
Niemand will dir hier was b√∂ses, warum dir soviele hier so knallhart einen Realit√§tscheck geben ist eben genau der Grund das hier alle wollen das du dich besser verkaufen kannst. Und genau aus diesem Grund raten hier dir alle ab. Die Leute hier stehen im Berufsleben, sie haben mehr Ahnung als du. Klar wenn du am Ende meinst das durch einen 5 Monate Kurs irgendwas erreichen kannst nach 6! Jahren Arbeitslosigkeit und es selbst NICHT merkst dann kann mir dir nur noch den Tipp geben:  
""Bewirb dich NICHT! Du hast ein extrem verzertes Bild √ºber den IT-Arbeitsmarkt""  
  
Seit Monaten lie√üt man √ºberall das sogar Leute mit Stuidum oder Ausbildung es sehr schwer mit dem Einstieg haben, und dann denkst du das du mit einem 5 Monate Kurs ""Web Development"" der von der ""BA"" oder ""Jobcenter"" finanziert wird... kannst du dich besser aufstellen... Dein Kurs wird von der BA oder dem Jobcenter finanziert ohne Vorraussetzungen. Bei einer richtigen und brauchbaren Weiterbildung im Web Development w√ºrde man von dir BERUFSERFAHRUNG als Zulassungsvorraussetzung verlangen.

das was da deine tolle Akademie anbietet bekommst du in h√∂herwertiger Form kostenlos.

Ich hab Personalverantwortung und wenn du dich bei mir bewerben w√ºrdest mit so einem Lebenslauf und dann als ""Weiterbildung"" einen 5 Monatskurs-""Ma√ünahmen"" Kurs pr√§sentierst wo du dir das Wissen auch nachweisbar kostenlos aneignen kannst w√ºrdest du dich bei mir so schlecht verkaufen das ich w√ºsste das dir die F√§higkeit zum rechieren fehlt. Eine verdammte Grundf√§higkeit die ein Dev braucht: M√∂glichst kosteng√ºnstig oder kostenneutral Wissen zu bekommen. Muss ich dich dann auch in teure Kurse f√ºr neue Programmiersprachen stecken, weil du nicht in der Lage bist in deiner Bezahlten Arbeitszeit eine neue Programmiersprache zu erlernen?"
2,comment,"Sorry, aber du brauchst einen echten Plan, was du vorhast. Du bewirbst dich gerade wild - eine Bewerbung f√ºr einen Job als G√§rtner sollte schon gravierend anders aussehen als eine Bewerbung als Sachbearbeiter. Hast du mal jemanden √ºber deine Bewerbungsunterlagen und Anschreiben schauen lassen? Wie erkl√§rst du deinen kurzen zweiten Job, die Pause und den Wunsch, das Berufsfeld zu wechseln? Und wie sehen die Zeugnisse aus? Legst du die bei? Das kannst du auch anonymisiert (und mit anderem Account) hier auf Reddit hochladen, dann k√∂nnen die Leute hier Feedback und konkrete Tipps geben.

Wie pr√§sentierst du dich aktuell in Anschreiben und Gespr√§chen? Dein potenzieller Arbeitgeber hat im Endeffekt nur deine Unterlagen und deinen Auftritt als Grundlage ‚Äì und wenn die nicht klar und positiv wirken, wird es schwer. Ich vermute, dass die Zeugnisse eher durchwachsen sind? Du willst arbeiten, du bist flexibel, du hast wahrscheinlich auch bei der Reise Sachen erlebt, in denen du St√§rken bewiesen hast. Sorge daf√ºr, dass die im Vordergrund stehen. Der Text, den du hier geschrieben hast, wirkt etwas unsicher und vermittelt wenig Eigeninitiative und Struktur. Das muss nicht die Realit√§t sein, aber wenn du diesen Eindruck auch in Gespr√§chen erweckst, kann das abschreckend wirken ‚Äì besonders jetzt, wo viele Unternehmen vorsichtig sind und Wackelkandidaten eher meiden.

Es k√∂nnte sich, wenn du zu Vorstellungsgespr√§chen schon eingeladen wurdest, m√∂glicherweise auch lohnen, die mal mit deiner Verlobten oder einer anderen Person zu √ºben. So gew√∂hnst du dich an die Situation, bekommst Feedback und kannst gezielt daran arbeiten, wie du wirkst. Von Arbeitgebern kriegt man da ja selten hilfreiches Feedback.

Versuch doch mal zur Agentur f√ºr Arbeit zu kommen und da einen Berufsberatung zu machen. Du brauchst ein konkretes Ziel, was du in Zukunft machen willst. Wenn du dich wild auf Jobs bewirbst, √ºberzeugst du wahrscheinlich nicht damit, dass du von dem Berufsbild √ºberzeugt bist. Und es bringt dich ja auch nicht wirklich weiter, du brauchst ja nicht nur was f√ºr die n√§chsten paar Monate, sondern du brauchst was f√ºr die n√§chsten 40 Jahre. IT willst du nicht wirklich machen, au√üerdem ist der Markt f√ºr Junioren gerade schlecht und du bist kein besonders guter und wahrscheinlich auch kein besonders √ºberzeugender Kandidat. Lass dich beraten, was in eine √§hnliche Richtung gehen k√∂nnte oder auch in eine ganz andere, wenn Programmieren so gar nichts f√ºr dich war. Das ist ja so gar nicht schlimm. Nicht jeder Job ist f√ºr jeden was. Es gibt auch Online-Tests, die dir Ideen f√ºr passende Alternativen geben k√∂nnten.

Was jetzt die √úberbr√ºckung angeht: Bist du mal konkret zu so Minijobs hingegangen und hast dich in Person vorgestellt? Das sind jetzt nicht die Jobs, wo du gro√üe Lebensl√§ufe brauchst, sondern du musst den Eindruck erwecken, zuverl√§ssig zu sein und anpacken zu k√∂nnen. Das klappt besser, wenn sie dich vor dir sehen.

Ansonsten: Zeitarbeit, FJS oder BuFDi w√§ren auch noch M√∂glichkeiten. Dann sieht man zumindest, dass du was tust und nach der langen Pause wieder eingestiegen bist."
2,comment,"Tut mir leid, dass du dich in einer solchen Situation befindest.
Imho solltest du dir folgende Frage stellen: Macht mir der Job so viel Spa√ü, dass ich mir vorstellen kann die n√§chsten X Jahren in diesem Bereich zu arbeiten? 

Dabei musst du bedenken, dass du gerade Am Anfang (nach der Ausbildung) eine Menge Zeit und Energie in das Erlernen von verschiedenen Sachen stecken musst, um ein kompetenter Entwickler zu werden. Das kann sehr anstrengend werden, insbesondere wenn du eigentlich kein gro√ües Interesse an der Thematik hast. 

Ich w√ºrde dir deshalb empfehlen ganz ehrlich mit dir selbst zu sein, um herauszufinden ob dieser Beruf wirklich etwas f√ºr dich ist. Du musst bedenken, dass du noch verdammt viele Jahre Arbeit vor dir hast."
2,comment,"FISI hier. Es tut mir leid aber ich muss den anderen zustimmen. F√ºr dich ist die ""Weiterbildung"" wirklich nichts wert. Du bist viel zu lange aus allem raus. Wenn du FI-AE w√§rst und dein Wissen bei Thema X vertiefen willst dann ist sowas gut.  
Aber du bist ewig aus allem raus. Dazu kommt das du wenn ich das richtig gelesen habe sowieso quasi keine Qualifikation hast. Ausser einem Realschulabschluss hast du nichts?!?

Ich will gar nicht wissen wer dich in diese Weiterbildung gedr√§ngt hat, aber ich kann es mir denken. Wenn du wirklich was in Richtung Software Entwickler machen willst dann mach ne Ausbildung zum Anwendungsentwickler. Selbst die Bootcamps die nen Jahr gehen werden dich nicht weiterbringen.  
Du brauchst erstmal ne Basis. Wir sind hier in Deutschland und hier z√§hlt nicht was du kannst und/oder gemacht hast sondern nur was du aufm Papier hast. Und ich will dich wirklich nicht beleidigen aber du hast doch nicht mal irgendwelche Aushilfsjobs die in eine Richtung zeigen. Du hast garantiert auch kein Github Account wo du private Projekte vorzeigen kannst. Du hast keine Beteiligung an Open Source Projekten wo du was zeigen kannst.  
Dich hat doch irgendnen JC Bearbeiter zu der Weiterbildung gedr√§ngt weil man √ºberall liest das Entwickler √ºberall gesucht werden.

TLDR: Mach ne Ausbildung zum Anwendungsentwickler. Und an die Nasen die hier ne FISI Ausbildung empfehlen. Kommt mal auf euer Leben klar und geht woanders trollen."
4,comment,"Hier hat u/No_Consideration4650 im Grunde fast alles wichtige geschrieben:
 
https://www.reddit.com/r/informatik/s/Q4qh6dBiu4

Zum Thema Berufswechsel/Quereinstieg findest du hier ausf√ºhrliche Infos von mir:

- Berufswechsel/Quereinstieg:  https://www.reddit.com/r/arbeitsleben/s/J0dy2uSTyM
- Berufswahl: https://www.reddit.com/r/arbeitsleben/s/xbR1iWNBsd
- Umschulungsvoraussetzungen: https://www.reddit.com/r/arbeitsleben/s/Jit8QvHZFY
- Umschulungsablauf und -arten: https://www.reddit.com/r/arbeitsleben/s/rKw6XzsUGN
- Umschulung (finanzielles): https://www.reddit.com/r/arbeitsleben/s/BBYpOHpb3r

Erg√§nzung: Selbst K√ºndigen ohne vorher mit der Arbeitsagentur zu sprechen ist fast immer eine richtig schlechte Idee."
4,comment,"Langj√§hriger Arbeitsvermittler hier :)

48 ist ein super Alter um noch eine berufliche Umorientierung auf den Weg zu bringen. Die Voraussetzungen f√ºr eine Umschulung mit F√∂rderung √ºber die Arbeitsagentur liegen hier, wegen fehlendem Berufsabschluss, definitiv vor. Hab zu dem Thema auch schon ein wenig was geschrieben:

- Berufswechsel/Quereinstieg:  https://www.reddit.com/r/arbeitsleben/s/J0dy2uSTyM
- Berufswahl: https://www.reddit.com/r/arbeitsleben/s/xbR1iWNBsd
- Umschulungsvoraussetzungen: https://www.reddit.com/r/arbeitsleben/s/Jit8QvHZFY
- Umschulungsablauf: https://www.reddit.com/r/arbeitsleben/s/rKw6XzsUGN
- Umschulung (finanzielles): https://www.reddit.com/r/arbeitsleben/s/BBYpOHpb3r"
4,comment,"Langj√§hriger Arbeitsvermittler hier ü§ì

Aktuell scheint der IT Bereich √ºberlaufen zu sein. Du m√ºsstest daher einen Betrieb f√ºr eine betriebliche Umschulung finden.

Daf√ºr ist alles in Richtung Elektronik hei√ü begehrt, wenn das auch etwas f√ºr dich w√§re. 

Und hier weitere Beitr√§ge von mir mit weiterf√ºhrenden Informationen.
- Berufswechsel/Quereinstieg:  https://www.reddit.com/r/arbeitsleben/s/J0dy2uSTyM
- Berufswahl: https://www.reddit.com/r/arbeitsleben/s/xbR1iWNBsd
- Umschulungsvoraussetzungen: https://www.reddit.com/r/arbeitsleben/s/Jit8QvHZFY
- Umschulungsablauf und -arten: https://www.reddit.com/r/arbeitsleben/s/rKw6XzsUGN
- Umschulung (finanzielles): https://www.reddit.com/r/arbeitsleben/s/BBYpOHpb3r"
4,comment,"Langj√§hriger Arbeitsvermittler hier üôÇ

Es k√§me aktuell nur B√ºrgergeld (bei einer Umschulung), BAB (bei einer betrieblichen Ausbildung) oder BAf√∂G (bei schulischen Ausbildungen und Studieng√§ngen in Frage.

Das Beste w√§re ein Jahr sozialversicherungspflichtig zu arbeiten um einen Anspruch auf Arbeitslosengeld zu erwerben. 

F√ºr konkretere Empfehlungen m√ºsstest du schreiben was du gemacht hast und was f√ºr eine Ausbildung du machen willst.

Und hier weitere Beitr√§ge von mir mit weiterf√ºhrenden Informationen.
- Berufswechsel/Quereinstieg:  https://www.reddit.com/r/arbeitsleben/s/J0dy2uSTyM
- Berufswahl: https://www.reddit.com/r/arbeitsleben/s/xbR1iWNBsd
- Umschulungsvoraussetzungen: https://www.reddit.com/r/arbeitsleben/s/Jit8QvHZFY
- Umschulungsablauf und -arten: https://www.reddit.com/r/arbeitsleben/s/rKw6XzsUGN
- Umschulung (finanzielles): https://www.reddit.com/r/arbeitsleben/s/BBYpOHpb3r"
4,comment,"Langj√§hriger Arbeitsvermittler hier ü§ì

Vorab: Du hattest schon k√∂rperliche Beschwerden und hast dann die Ausbildung im Lager gemacht?

Ob eine Umschulung notwendig ist, wird dir am besten deinen behandelnder Facharzt sagen k√∂nnen. Auf Basis dessen Unterlagen erstellt die Arbeitsagentur n√§mlich das amts√§rztliche Gutachten.

Hier hast du etwas Lesematerial:
- Berufswechsel/Quereinstieg:  https://www.reddit.com/r/arbeitsleben/s/J0dy2uSTyM
- Berufswahl: https://www.reddit.com/r/arbeitsleben/s/xbR1iWNBsd
- Umschulungsvoraussetzungen: https://www.reddit.com/r/arbeitsleben/s/Jit8QvHZFY
- Umschulungsablauf und -arten: https://www.reddit.com/r/arbeitsleben/s/rKw6XzsUGN
- Umschulung (finanzielles): https://www.reddit.com/r/arbeitsleben/s/BBYpOHpb3r"
